First Name,Last Name,Position,Year
Al ,Leiter,Pitcher ,2000
Mike,Piazza,Batter,2000
Edgardo,Alfonzo,Batter,2000
Rick,Reed,Pitcher ,2001
Mike,Piazza,Batter,2001
Mike,Piazza,Batter,2002
Armando,Benitez,Pitcher ,2003
Tom,Glavine,Pitcher ,2004
Mike,Piazza,Pitcher ,2004
Pedro ,Martinez ,Pitcher ,2005
Carlos,Beltran,Batter,2005
Mike,Piazza,Batter,2005
Jose,Reyes,Batter,2006
Pedro ,Martinez ,Pitcher ,2006
Tom,Glavine,Pitcher ,2006
Carlos,Beltran,Batter,2006
David,Wright,Batter,2006
Paul,LoDuca,Batter,2006
Billy,Wagner,Pitcher ,2007
Carlos,Beltran,Batter,2007
Jose,Reyes,Batter,2007
David,Wright,Batter,2007
David,Wright,Batter,2008
Billy,Wagner,Pitcher ,2008
Johan,Santana,Pitcher ,2009
Francisco,Rodriguez,Pitcher ,2009
Carlos ,Beltran,Batter ,2009
David,Wright,Batter ,2009
Jose,Reyes,Batter ,2010
David,Wright,Batter,2010
Jose,Reyes,Batter,2011
Carlos,Beltran,Batter,2011
David,Wright,Batter,2012
R.A. ,Dickey,Pitcher ,2012
David,Wright,Batter,2013
Matt,Harvey,Pitcher ,2013
Daniel,Murphy,Batter,2014
Jacob,deGrom,Pitcher ,2015
Noah,Syndergaard,Pitcher ,2016
Jeurys,Familia,Pitcher ,2016
Bartolo,Colon,Pitcher ,2016
Yoenis,Cespedes,Batter,2016
Michael,Conforto,Batter,2017
Jacob ,deGrom,Pitcher ,2018
